{
  "$type": "Waterbending.StatusDataDrenched, Waterbending",
  "id": "Drenched",
  "sensitiveContent": "None",
  "sensitiveFilterBehaviour": "Discard",
  "version": 0,
  "removeStatusId": "Burning",
  "speedModifier": 0.3,
  "damageModifier": 1.5,
  "type": "Waterbending.Drenched, Waterbending, Version=0.0.0.0, Culture=neutral, PublicKeyToken=null",
  "bypassImmunity": 0,
  "stackType": "Refresh",
  "forceAllowOnCreatures": false,
  "allowOnItems": false,
  "creatureEffectId": "ImbueWaterbendingRagdoll",
  "itemEffectId": "ImbueWaterbending",
  "groupPath": null,
  "StackTypeDescription": "Refreshes the duration every time you apply a status."
}