{
  "$type": "ThunderRoad.ItemData, ThunderRoad",
  "id": "CrystalWaterbendingT1",
  "sensitiveContent": "None",
  "sensitiveFilterBehaviour": "Discard",
  "version": 4,
  "localizationId": "CrystalWaterbendingT1",
  "displayName": "Small Waterbending Crystal Core",
  "description": "A small crystal core infused with Waterbending sorcery.",
  "author": "Snooba",
  "valueType": "Gold",
  "value": 2950.0,
  "rewardValue": 0.0,
  "tier": 1,
  "flags": "None",
  "levelRequired": 0,
  "category": "Crystals",
  "iconEffectId": null,
  "preferredItemCenter": "Mass",
  "drainImbueWhenIdle": true,
  "prefabAddress": "Silk.Prefab.Crystal.Waterbending.T1",
  "iconAddress": "Silk.Prefab.Crystal.Waterbending.T1.Icon",
  "closeUpIconAddress": "",
  "pooledCount": 0,
  "androidPooledCount": 0,
  "type": "Crystal",
  "allowedStorage": "Inventory, Container, SandboxAllItems",
  "despawnOnStoredInInventory": false,
  "isStackable": false,
  "consumableId": null,
  "inventoryAudioContainerAddress": "Bas.AudioGroup.Inventory.Store.Crystal",
  "inventoryAudioVolume_dB": 0.0,
  "slot": "SkillTreeReceptacle",
  "snapAudioContainerAddress": "Bas.AudioGroup.Snap.Crystal",
  "snapAudioVolume_dB": 0.0,
  "overrideMassAndDrag": true,
  "mass": 0.4,
  "drag": 1.0,
  "angularDrag": 1.0,
  "focusRegenMultiplier": 1.0,
  "spellChargeSpeedPlayerMultiplier": 1.0,
  "spellChargeSpeedNPCMultiplier": 1.0,
  "collisionMaxOverride": 0,
  "collisionEnterOnly": true,
  "collisionNoMinVelocityCheck": false,
  "forceLayer": "None",
  "diffForceLayerWhenHeld": false,
  "forceLayerHeld": "None",
  "waterHandSpringMultiplierCurve": {
    "$type": "UnityEngine.AnimationCurve, UnityEngine.CoreModule",
    "keys": [
      {
        "$type": "UnityEngine.Keyframe, UnityEngine.CoreModule",
        "time": 0.0,
        "value": 0.3,
        "inTangent": 0.0,
        "outTangent": 0.0,
        "inWeight": 0.0,
        "outWeight": 0.0,
        "weightedMode": "None",
        "tangentMode": 0
      },
      {
        "$type": "UnityEngine.Keyframe, UnityEngine.CoreModule",
        "time": 1.0,
        "value": 0.15,
        "inTangent": 0.0,
        "outTangent": 0.0,
        "inWeight": 0.0,
        "outWeight": 0.0,
        "weightedMode": "None",
        "tangentMode": 0
      }
    ],
    "length": 2,
    "preWrapMode": "ClampForever",
    "postWrapMode": "ClampForever"
  },
  "waterDragMultiplierCurve": {
    "$type": "UnityEngine.AnimationCurve, UnityEngine.CoreModule",
    "keys": [
      {
        "$type": "UnityEngine.Keyframe, UnityEngine.CoreModule",
        "time": 0.0,
        "value": 1.0,
        "inTangent": 0.0,
        "outTangent": 0.0,
        "inWeight": 0.0,
        "outWeight": 0.0,
        "weightedMode": "None",
        "tangentMode": 0
      },
      {
        "$type": "UnityEngine.Keyframe, UnityEngine.CoreModule",
        "time": 1.0,
        "value": 10.0,
        "inTangent": 0.0,
        "outTangent": 0.0,
        "inWeight": 0.0,
        "outWeight": 0.0,
        "weightedMode": "None",
        "tangentMode": 0
      }
    ],
    "length": 2,
    "preWrapMode": "ClampForever",
    "postWrapMode": "ClampForever"
  },
  "waterSampleMinRadius": 0.2,
  "throwMultiplier": 1.0,
  "runSpeedMultiplier": 1.0,
  "flyRotationSpeed": 2.0,
  "flyThrowAngle": 0.0,
  "allowFlyBackwards": false,
  "telekinesisSafeDistance": 1.0,
  "telekinesisThrowRatio": 1.0,
  "telekinesisAutoGrabAnyHandle": false,
  "grippable": true,
  "grabAndGripClimb": false,
  "playerGrabAndGripChangeLayer": true,
  "customSnaps": [],
  "drainImbueOnSnap": true,
  "imbueEnergyOverTimeOnSnap": {
    "$type": "UnityEngine.AnimationCurve, UnityEngine.CoreModule",
    "keys": [
      {
        "$type": "UnityEngine.Keyframe, UnityEngine.CoreModule",
        "time": 0.0,
        "value": 1.0,
        "inTangent": 0.0,
        "outTangent": 0.0,
        "inWeight": 0.0,
        "outWeight": 0.0,
        "weightedMode": "None",
        "tangentMode": 0
      },
      {
        "$type": "UnityEngine.Keyframe, UnityEngine.CoreModule",
        "time": 3.0,
        "value": 0.0,
        "inTangent": 0.0,
        "outTangent": 0.0,
        "inWeight": 0.0,
        "outWeight": 0.0,
        "weightedMode": "None",
        "tangentMode": 0
      }
    ],
    "length": 2,
    "preWrapMode": "ClampForever",
    "postWrapMode": "ClampForever"
  },
  "modules": [
    {
      "$type": "ThunderRoad.ItemModuleCrystal, ThunderRoad",
      "id": null,
      "sensitiveContent": "None",
      "sensitiveFilterBehaviour": "Discard",
      "version": 0,
      "overridePrefabForceValues": false,
      "treeName": "Waterbending",
      "overrideCrystalColors": false,
      "baseColor": {
        "r": 1.0,
        "g": 1.0,
        "b": 1.0,
        "a": 1.0
      },
      "internalColor": {
        "r": 1.0,
        "g": 1.0,
        "b": 1.0,
        "a": 1.0
      },
      "animatedColor": {
        "r": 1.0,
        "g": 1.0,
        "b": 1.0,
        "a": 1.0
      },
      "emissionColor": {
        "r": 1.0,
        "g": 1.0,
        "b": 1.0,
        "a": 1.0
      },
      "higherTierCrystalId": "CrystalWaterbendingT2",
      "shardId": "Crystal_Small_01_Shard",
      "mergeBeginEffectId": "CrystalMergeBegin",
      "sparkleEffectId": "CrystalSparkle",
      "hoverEffectId": "CrystalCoreHover",
      "mergeEffectId": "CrystalMerge",
      "mergeStartEffectId": "CrystalMergeStart",
      "mergeCompleteEffectId": "CrystalMergeNewTier",
      "endMergeTime": 1.0,
      "activateEffectId": "CrystalActivate",
      "groupPath": null
    }
  ],
  "colliderGroups": [
    {
      "$type": "ThunderRoad.ItemData+ColliderGroup, ThunderRoad",
      "transformName": "Colliders",
      "colliderGroupId": "PropDefault"
    }
  ],
  "damagers": [
    {
      "$type": "ThunderRoad.ItemData+Damager, ThunderRoad",
      "transformName": "Blunt",
      "damagerID": "PropBlunt"
    }
  ],
  "Interactables": [
    {
      "$type": "ThunderRoad.ItemData+Interactable, ThunderRoad",
      "transformName": "Handle",
      "interactableId": "ObjectHandleCrystal"
    }
  ],
  "effectHinges": [],
  "whooshs": [
    {
      "$type": "ThunderRoad.ItemData+Whoosh, ThunderRoad",
      "transformName": "Whoosh",
      "effectId": "WhooshPropLight",
      "trigger": "Always",
      "stopOnSnap": true,
      "minVelocity": 5.0,
      "maxVelocity": 12.0,
      "dampening": 0.1
    }
  ],
  "entityModules": [],
  "groupPath": null
}