{
  "$type": "ThunderRoad.EffectData, ThunderRoad",
  "id": "ImbueWaterbending",
  "sensitiveContent": "None",
  "sensitiveFilterBehaviour": "Discard",
  "version": 0,
  "groupId": "Waterbending",
  "volumeDb": 0.0,
  "modules": [
    {
      "$type": "ThunderRoad.EffectModuleAudio, ThunderRoad",
      "audioContainerAddress": "Silk.AudioContainer.Spell.Waterbending.Cast",
      "fadeInTime": 0.0,
      "loopFadeDelay": 0.0,
      "audioMixer": "Effect",
      "spatialBlend": 1.0,
      "globalOnPlayerOnly": false,
      "playDelay": 0.0,
      "dopplerLevel": 0.0,
      "useAudioForHaptic": false,
      "intensitySmoothingSampleCount": 0,
      "speedSmoothingSampleCount": 0,
      "cullMinVolume": 0.05,
      "volumeDb": 0.0,
      "useVolumeIntensity": true,
      "volumeIntensityCurve": {
        "$type": "UnityEngine.AnimationCurve, UnityEngine.CoreModule",
        "keys": [
          {
            "$type": "UnityEngine.Keyframe, UnityEngine.CoreModule",
            "time": 0.0,
            "value": 0.6,
            "inTangent": -0.6,
            "outTangent": -0.6,
            "inWeight": 0.0,
            "outWeight": 0.333333343,
            "weightedMode": "None",
            "tangentMode": 34
          },
          {
            "$type": "UnityEngine.Keyframe, UnityEngine.CoreModule",
            "time": 1.0,
            "value": 0.0,
            "inTangent": -0.6,
            "outTangent": -0.6,
            "inWeight": 0.333333343,
            "outWeight": 0.0,
            "weightedMode": "None",
            "tangentMode": 34
          }
        ],
        "length": 2,
        "preWrapMode": "ClampForever",
        "postWrapMode": "ClampForever"
      },
      "useVolumeSpeed": false,
      "volumeSpeedCurve": {
        "$type": "UnityEngine.AnimationCurve, UnityEngine.CoreModule",
        "keys": [
          {
            "$type": "UnityEngine.Keyframe, UnityEngine.CoreModule",
            "time": 0.0,
            "value": 1.0,
            "inTangent": 0.0,
            "outTangent": 0.0,
            "inWeight": 0.0,
            "outWeight": 0.0,
            "weightedMode": "None",
            "tangentMode": 0
          },
          {
            "$type": "UnityEngine.Keyframe, UnityEngine.CoreModule",
            "time": 1.0,
            "value": 1.0,
            "inTangent": 0.0,
            "outTangent": 0.0,
            "inWeight": 0.0,
            "outWeight": 0.0,
            "weightedMode": "None",
            "tangentMode": 0
          }
        ],
        "length": 2,
        "preWrapMode": "ClampForever",
        "postWrapMode": "ClampForever"
      },
      "volumeBlendMode": "Min",
      "reverbZoneMix": 1.0,
      "isNoiseForAI": false,
      "onDynamicMusic": false,
      "dynamicMusicTiming": "OnBeat",
      "randomPlay": false,
      "randomMinTime": 2.0,
      "randomMaxTime": 5.0,
      "randomTime": false,
      "linkEffectPitch": true,
      "randomPitch": false,
      "pitchEffectLink": "Intensity",
      "pitchCurve": {
        "$type": "UnityEngine.AnimationCurve, UnityEngine.CoreModule",
        "keys": [
          {
            "$type": "UnityEngine.Keyframe, UnityEngine.CoreModule",
            "time": 0.0,
            "value": 1.0,
            "inTangent": 0.0,
            "outTangent": 0.0,
            "inWeight": 0.0,
            "outWeight": 0.333333343,
            "weightedMode": "None",
            "tangentMode": 34
          },
          {
            "$type": "UnityEngine.Keyframe, UnityEngine.CoreModule",
            "time": 1.0,
            "value": 1.0,
            "inTangent": 0.0,
            "outTangent": 0.0,
            "inWeight": 0.333333343,
            "outWeight": 0.0,
            "weightedMode": "None",
            "tangentMode": 34
          }
        ],
        "length": 2,
        "preWrapMode": "ClampForever",
        "postWrapMode": "ClampForever"
      },
      "useLowPassFilter": false,
      "lowPassEffectLink": "Intensity",
      "lowPassCutoffFrequencyCurve": {
        "$type": "UnityEngine.AnimationCurve, UnityEngine.CoreModule",
        "keys": [
          {
            "$type": "UnityEngine.Keyframe, UnityEngine.CoreModule",
            "time": 0.0,
            "value": 22000.0,
            "inTangent": 0.0,
            "outTangent": 0.0,
            "inWeight": 0.0,
            "outWeight": 0.0,
            "weightedMode": "None",
            "tangentMode": 0
          },
          {
            "$type": "UnityEngine.Keyframe, UnityEngine.CoreModule",
            "time": 1.0,
            "value": 22000.0,
            "inTangent": 0.0,
            "outTangent": 0.0,
            "inWeight": 0.0,
            "outWeight": 0.0,
            "weightedMode": "None",
            "tangentMode": 0
          }
        ],
        "length": 2,
        "preWrapMode": "ClampForever",
        "postWrapMode": "ClampForever"
      },
      "lowPassResonanceQCurve": {
        "$type": "UnityEngine.AnimationCurve, UnityEngine.CoreModule",
        "keys": [
          {
            "$type": "UnityEngine.Keyframe, UnityEngine.CoreModule",
            "time": 0.0,
            "value": 1.0,
            "inTangent": 0.0,
            "outTangent": 0.0,
            "inWeight": 0.0,
            "outWeight": 0.0,
            "weightedMode": "None",
            "tangentMode": 0
          },
          {
            "$type": "UnityEngine.Keyframe, UnityEngine.CoreModule",
            "time": 1.0,
            "value": 1.0,
            "inTangent": 0.0,
            "outTangent": 0.0,
            "inWeight": 0.0,
            "outWeight": 0.0,
            "weightedMode": "None",
            "tangentMode": 0
          }
        ],
        "length": 2,
        "preWrapMode": "ClampForever",
        "postWrapMode": "ClampForever"
      },
      "useHighPassFilter": false,
      "highPassEffectLink": "Intensity",
      "highPassCutoffFrequencyCurve": {
        "$type": "UnityEngine.AnimationCurve, UnityEngine.CoreModule",
        "keys": [
          {
            "$type": "UnityEngine.Keyframe, UnityEngine.CoreModule",
            "time": 0.0,
            "value": 10.0,
            "inTangent": 0.0,
            "outTangent": 0.0,
            "inWeight": 0.0,
            "outWeight": 0.0,
            "weightedMode": "None",
            "tangentMode": 0
          },
          {
            "$type": "UnityEngine.Keyframe, UnityEngine.CoreModule",
            "time": 1.0,
            "value": 10.0,
            "inTangent": 0.0,
            "outTangent": 0.0,
            "inWeight": 0.0,
            "outWeight": 0.0,
            "weightedMode": "None",
            "tangentMode": 0
          }
        ],
        "length": 2,
        "preWrapMode": "ClampForever",
        "postWrapMode": "ClampForever"
      },
      "highPassResonanceQCurve": {
        "$type": "UnityEngine.AnimationCurve, UnityEngine.CoreModule",
        "keys": [
          {
            "$type": "UnityEngine.Keyframe, UnityEngine.CoreModule",
            "time": 0.0,
            "value": 1.0,
            "inTangent": 0.0,
            "outTangent": 0.0,
            "inWeight": 0.0,
            "outWeight": 0.0,
            "weightedMode": "None",
            "tangentMode": 0
          },
          {
            "$type": "UnityEngine.Keyframe, UnityEngine.CoreModule",
            "time": 1.0,
            "value": 1.0,
            "inTangent": 0.0,
            "outTangent": 0.0,
            "inWeight": 0.0,
            "outWeight": 0.0,
            "weightedMode": "None",
            "tangentMode": 0
          }
        ],
        "length": 2,
        "preWrapMode": "ClampForever",
        "postWrapMode": "ClampForever"
      },
      "useReverbFilter": false,
      "reverbEffectLink": "Intensity",
      "reverbDryLevelCurve": {
        "$type": "UnityEngine.AnimationCurve, UnityEngine.CoreModule",
        "keys": [
          {
            "$type": "UnityEngine.Keyframe, UnityEngine.CoreModule",
            "time": 0.0,
            "value": 0.0,
            "inTangent": 0.0,
            "outTangent": 0.0,
            "inWeight": 0.0,
            "outWeight": 0.0,
            "weightedMode": "None",
            "tangentMode": 0
          },
          {
            "$type": "UnityEngine.Keyframe, UnityEngine.CoreModule",
            "time": 1.0,
            "value": 0.0,
            "inTangent": 0.0,
            "outTangent": 0.0,
            "inWeight": 0.0,
            "outWeight": 0.0,
            "weightedMode": "None",
            "tangentMode": 0
          }
        ],
        "length": 2,
        "preWrapMode": "ClampForever",
        "postWrapMode": "ClampForever"
      },
      "minDistance": 1.0,
      "maxDistance": 500.0,
      "step": "Start",
      "stepCustomId": null,
      "loopCustomStep": false,
      "platformFilter": "Windows, Android",
      "sensitiveContent": "None",
      "sensitiveFilterBehaviour": "Discard",
      "damagerStateFilter": "Inactive, Active",
      "damageTypeFilter": "Energy, Blunt, Slash, Pierce",
      "penetrationFilter": "None, Pressure, Hit",
      "reparentWithBreakable": true,
      "imbuesFilterLogic": "AnyExcept",
      "imbuesFilter": [],
      "colliderGroupFilterLogic": "AnyExcept",
      "colliderGroupsFilter": [],
      "damagersFilterLogic": "AnyExcept",
      "damagersFilter": [],
      "intensityCurve": {
        "$type": "UnityEngine.AnimationCurve, UnityEngine.CoreModule",
        "keys": [
          {
            "$type": "UnityEngine.Keyframe, UnityEngine.CoreModule",
            "time": 0.0,
            "value": 0.0,
            "inTangent": 0.0,
            "outTangent": 1.0,
            "inWeight": 0.0,
            "outWeight": 0.0,
            "weightedMode": "None",
            "tangentMode": 0
          },
          {
            "$type": "UnityEngine.Keyframe, UnityEngine.CoreModule",
            "time": 1.0,
            "value": 1.0,
            "inTangent": 1.0,
            "outTangent": 0.0,
            "inWeight": 0.0,
            "outWeight": 0.0,
            "weightedMode": "None",
            "tangentMode": 0
          }
        ],
        "length": 2,
        "preWrapMode": "ClampForever",
        "postWrapMode": "ClampForever"
      }
    },
    {
      "$type": "ThunderRoad.EffectModuleShader, ThunderRoad",
      "linkBaseColor": "None",
      "linkEmissionColor": "Main",
      "linkExtraColor": "None",
      "extraPropertyName": null,
      "lifeTime": 5.0,
      "refreshSpeed": 0.1,
      "useSecondaryRenderer": true,
      "mainColorStart": {
        "r": 0.0,
        "g": 0.0,
        "b": 0.0,
        "a": 0.0
      },
      "mainColorEnd": {
        "r": 0.3867924,
        "g": 1,
        "b": 1.23,
        "a": 1.0
      },
      "secondaryColorStart": {
        "r": 0.0,
        "g": 0.0,
        "b": 0.0,
        "a": 1.0
      },
      "secondaryColorEnd": {
        "r": 0.3867924,
        "g": 1,
        "b": 1.23,
        "a": 1.0
      },
      "mainNoHdrColorStart": {
        "r": 0.0,
        "g": 0.0,
        "b": 0.0,
        "a": 0.0
      },
      "mainNoHdrColorEnd": {
        "r": 0.3867924,
        "g": 1,
        "b": 1.23,
        "a": 1.0
      },
      "secondaryNoHdrColorStart": {
        "r": 0.0,
        "g": 0.0,
        "b": 0.0,
        "a": 1.0
      },
      "secondaryNoHdrColorEnd": {
        "r": 0.0,
        "g": 0.0,
        "b": 0.0,
        "a": 1.0
      },
      "step": "Loop",
      "stepCustomId": null,
      "loopCustomStep": false,
      "platformFilter": "Windows, Android",
      "sensitiveContent": "None",
      "sensitiveFilterBehaviour": "Discard",
      "damagerStateFilter": "Inactive, Active",
      "damageTypeFilter": "Energy, Blunt, Slash, Pierce",
      "penetrationFilter": "None, Pressure, Hit",
      "reparentWithBreakable": true,
      "imbuesFilterLogic": "AnyExcept",
      "imbuesFilter": [],
      "colliderGroupFilterLogic": "AnyExcept",
      "colliderGroupsFilter": [],
      "damagersFilterLogic": "AnyExcept",
      "damagersFilter": [],
      "intensityCurve": {
        "$type": "UnityEngine.AnimationCurve, UnityEngine.CoreModule",
        "keys": [
          {
            "$type": "UnityEngine.Keyframe, UnityEngine.CoreModule",
            "time": 0.0,
            "value": 0.0,
            "inTangent": 0.0,
            "outTangent": 1.0,
            "inWeight": 0.0,
            "outWeight": 0.0,
            "weightedMode": "None",
            "tangentMode": 0
          },
          {
            "$type": "UnityEngine.Keyframe, UnityEngine.CoreModule",
            "time": 1.0,
            "value": 1.0,
            "inTangent": 1.0,
            "outTangent": 0.0,
            "inWeight": 0.0,
            "outWeight": 0.0,
            "weightedMode": "None",
            "tangentMode": 0
          }
        ],
        "length": 2,
        "preWrapMode": "ClampForever",
        "postWrapMode": "ClampForever"
      }
    },
    {
      "$type": "ThunderRoad.EffectModuleParticle, ThunderRoad",
      "effectLink": "Intensity",
      "insideParticleRadius": 0.0,
      "cullMinIntensity": 0.05,
      "cullMinSpeed": 0.05,
      "effectParticleAddress": "Silk.Effect.Spell.Waterbending.Imbue.New",
      "intensityCurve": null,
      "renderInLateUpdate": false,
      "mainColorStart": {
        "r": 0.0,
        "g": 0.0,
        "b": 0.0,
        "a": 1.0
      },
      "mainColorEnd": {
        "r": 0.0,
        "g": 0.0,
        "b": 0.0,
        "a": 1.0
      },
      "secondaryColorStart": {
        "r": 0.0,
        "g": 0.0,
        "b": 0.0,
        "a": 1.0
      },
      "secondaryColorEnd": {
        "r": 0.0,
        "g": 0.0,
        "b": 0.0,
        "a": 1.0
      },
      "mainNoHdrColorStart": {
        "r": 0.0,
        "g": 0.0,
        "b": 0.0,
        "a": 1.0
      },
      "mainNoHdrColorEnd": {
        "r": 0.0,
        "g": 0.0,
        "b": 0.0,
        "a": 1.0
      },
      "secondaryNoHdrColorStart": {
        "r": 0.0,
        "g": 0.0,
        "b": 0.0,
        "a": 1.0
      },
      "secondaryNoHdrColorEnd": {
        "r": 0.0,
        "g": 0.0,
        "b": 0.0,
        "a": 1.0
      },
      "localScale": {
        "x": 1.0,
        "y": 1.0,
        "z": 1.0
      },
      "useScaleCurve": false,
      "scaleCurve": null,
      "localRotation": {
        "x": 0.0,
        "y": 0.0,
        "z": 0.0
      },
      "collisionEffectId": null,
      "collisionLayerMask": -2097353,
      "collisionMaxGroundAngle": 45.0,
      "collisionEmitRate": 0.2,
      "collisionMinIntensity": 0.0,
      "collisionMaxIntensity": 1.0,
      "collisionUseMainGradient": false,
      "collisionUseSecondaryGradient": false,
      "step": "Loop",
      "stepCustomId": null,
      "loopCustomStep": false,
      "platformFilter": "Windows, Android",
      "sensitiveContent": "None",
      "sensitiveFilterBehaviour": "Discard",
      "damagerStateFilter": "Inactive, Active",
      "damageTypeFilter": "Energy, Blunt, Slash, Pierce",
      "penetrationFilter": "None, Pressure, Hit",
      "reparentWithBreakable": true,
      "imbuesFilterLogic": "AnyExcept",
      "imbuesFilter": [],
      "colliderGroupFilterLogic": "AnyExcept",
      "colliderGroupsFilter": [],
      "damagersFilterLogic": "AnyExcept",
      "damagersFilter": []
    },
    {
      "$type": "ThunderRoad.EffectModuleAudio, ThunderRoad",
      "audioContainerAddress": "Silk.AudioContainer.Spell.Waterbending.Loop",
      "fadeInTime": 0.0,
      "loopFadeDelay": 0.0,
      "audioMixer": "Effect",
      "spatialBlend": 1.0,
      "globalOnPlayerOnly": false,
      "playDelay": 0.0,
      "dopplerLevel": 0.0,
      "useAudioForHaptic": false,
      "intensitySmoothingSampleCount": 0,
      "speedSmoothingSampleCount": 0,
      "cullMinVolume": 0.05,
      "volumeDb": -4.5,
      "useVolumeIntensity": true,
      "volumeIntensityCurve": {
        "$type": "UnityEngine.AnimationCurve, UnityEngine.CoreModule",
        "keys": [
          {
            "$type": "UnityEngine.Keyframe, UnityEngine.CoreModule",
            "time": 0.0,
            "value": 0.0,
            "inTangent": 0.4,
            "outTangent": 0.4,
            "inWeight": 0.0,
            "outWeight": 0.333333343,
            "weightedMode": "None",
            "tangentMode": 34
          },
          {
            "$type": "UnityEngine.Keyframe, UnityEngine.CoreModule",
            "time": 1.0,
            "value": 0.4,
            "inTangent": 0.4,
            "outTangent": 0.4,
            "inWeight": 0.333333343,
            "outWeight": 0.0,
            "weightedMode": "None",
            "tangentMode": 34
          }
        ],
        "length": 2,
        "preWrapMode": "ClampForever",
        "postWrapMode": "ClampForever"
      },
      "useVolumeSpeed": false,
      "volumeSpeedCurve": {
        "$type": "UnityEngine.AnimationCurve, UnityEngine.CoreModule",
        "keys": [
          {
            "$type": "UnityEngine.Keyframe, UnityEngine.CoreModule",
            "time": 0.0,
            "value": 1.0,
            "inTangent": 0.0,
            "outTangent": 0.0,
            "inWeight": 0.0,
            "outWeight": 0.0,
            "weightedMode": "None",
            "tangentMode": 0
          },
          {
            "$type": "UnityEngine.Keyframe, UnityEngine.CoreModule",
            "time": 1.0,
            "value": 1.0,
            "inTangent": 0.0,
            "outTangent": 0.0,
            "inWeight": 0.0,
            "outWeight": 0.0,
            "weightedMode": "None",
            "tangentMode": 0
          }
        ],
        "length": 2,
        "preWrapMode": "ClampForever",
        "postWrapMode": "ClampForever"
      },
      "volumeBlendMode": "Min",
      "reverbZoneMix": 1.0,
      "isNoiseForAI": false,
      "onDynamicMusic": false,
      "dynamicMusicTiming": "OnBeat",
      "randomPlay": false,
      "randomMinTime": 2.0,
      "randomMaxTime": 5.0,
      "randomTime": false,
      "linkEffectPitch": true,
      "randomPitch": false,
      "pitchEffectLink": "Intensity",
      "pitchCurve": {
        "$type": "UnityEngine.AnimationCurve, UnityEngine.CoreModule",
        "keys": [
          {
            "$type": "UnityEngine.Keyframe, UnityEngine.CoreModule",
            "time": 0.0,
            "value": 0.9,
            "inTangent": 0.0,
            "outTangent": 0.0,
            "inWeight": 0.0,
            "outWeight": 0.333333343,
            "weightedMode": "None",
            "tangentMode": 34
          },
          {
            "$type": "UnityEngine.Keyframe, UnityEngine.CoreModule",
            "time": 1.0,
            "value": 0.9,
            "inTangent": 0.0,
            "outTangent": 0.0,
            "inWeight": 0.333333343,
            "outWeight": 0.0,
            "weightedMode": "None",
            "tangentMode": 34
          }
        ],
        "length": 2,
        "preWrapMode": "ClampForever",
        "postWrapMode": "ClampForever"
      },
      "useLowPassFilter": true,
      "lowPassEffectLink": "Intensity",
      "lowPassCutoffFrequencyCurve": {
        "$type": "UnityEngine.AnimationCurve, UnityEngine.CoreModule",
        "keys": [
          {
            "$type": "UnityEngine.Keyframe, UnityEngine.CoreModule",
            "time": 0.0,
            "value": 500.0,
            "inTangent": 0.0,
            "outTangent": 0.0,
            "inWeight": 0.0,
            "outWeight": 0.0,
            "weightedMode": "None",
            "tangentMode": 0
          },
          {
            "$type": "UnityEngine.Keyframe, UnityEngine.CoreModule",
            "time": 1.0,
            "value": 20000.0,
            "inTangent": 0.0,
            "outTangent": 0.0,
            "inWeight": 0.0,
            "outWeight": 0.0,
            "weightedMode": "None",
            "tangentMode": 0
          }
        ],
        "length": 2,
        "preWrapMode": "ClampForever",
        "postWrapMode": "ClampForever"
      },
      "lowPassResonanceQCurve": {
        "$type": "UnityEngine.AnimationCurve, UnityEngine.CoreModule",
        "keys": [
          {
            "$type": "UnityEngine.Keyframe, UnityEngine.CoreModule",
            "time": 0.0,
            "value": 1.0,
            "inTangent": 0.0,
            "outTangent": 0.0,
            "inWeight": 0.0,
            "outWeight": 0.0,
            "weightedMode": "None",
            "tangentMode": 0
          },
          {
            "$type": "UnityEngine.Keyframe, UnityEngine.CoreModule",
            "time": 1.0,
            "value": 1.0,
            "inTangent": 0.0,
            "outTangent": 0.0,
            "inWeight": 0.0,
            "outWeight": 0.0,
            "weightedMode": "None",
            "tangentMode": 0
          }
        ],
        "length": 2,
        "preWrapMode": "ClampForever",
        "postWrapMode": "ClampForever"
      },
      "useHighPassFilter": true,
      "highPassEffectLink": "Intensity",
      "highPassCutoffFrequencyCurve": {
        "$type": "UnityEngine.AnimationCurve, UnityEngine.CoreModule",
        "keys": [
          {
            "$type": "UnityEngine.Keyframe, UnityEngine.CoreModule",
            "time": 0.0,
            "value": 250.0,
            "inTangent": 0.0,
            "outTangent": 0.0,
            "inWeight": 0.0,
            "outWeight": 0.0,
            "weightedMode": "None",
            "tangentMode": 0
          },
          {
            "$type": "UnityEngine.Keyframe, UnityEngine.CoreModule",
            "time": 1.0,
            "value": 250.0,
            "inTangent": 0.0,
            "outTangent": 0.0,
            "inWeight": 0.0,
            "outWeight": 0.0,
            "weightedMode": "None",
            "tangentMode": 0
          }
        ],
        "length": 2,
        "preWrapMode": "ClampForever",
        "postWrapMode": "ClampForever"
      },
      "highPassResonanceQCurve": {
        "$type": "UnityEngine.AnimationCurve, UnityEngine.CoreModule",
        "keys": [
          {
            "$type": "UnityEngine.Keyframe, UnityEngine.CoreModule",
            "time": 0.0,
            "value": 1.0,
            "inTangent": 0.0,
            "outTangent": 0.0,
            "inWeight": 0.0,
            "outWeight": 0.0,
            "weightedMode": "None",
            "tangentMode": 0
          },
          {
            "$type": "UnityEngine.Keyframe, UnityEngine.CoreModule",
            "time": 1.0,
            "value": 1.0,
            "inTangent": 0.0,
            "outTangent": 0.0,
            "inWeight": 0.0,
            "outWeight": 0.0,
            "weightedMode": "None",
            "tangentMode": 0
          }
        ],
        "length": 2,
        "preWrapMode": "ClampForever",
        "postWrapMode": "ClampForever"
      },
      "useReverbFilter": false,
      "reverbEffectLink": "Intensity",
      "reverbDryLevelCurve": {
        "$type": "UnityEngine.AnimationCurve, UnityEngine.CoreModule",
        "keys": [
          {
            "$type": "UnityEngine.Keyframe, UnityEngine.CoreModule",
            "time": 0.0,
            "value": 0.0,
            "inTangent": 0.0,
            "outTangent": 0.0,
            "inWeight": 0.0,
            "outWeight": 0.0,
            "weightedMode": "None",
            "tangentMode": 0
          },
          {
            "$type": "UnityEngine.Keyframe, UnityEngine.CoreModule",
            "time": 1.0,
            "value": 0.0,
            "inTangent": 0.0,
            "outTangent": 0.0,
            "inWeight": 0.0,
            "outWeight": 0.0,
            "weightedMode": "None",
            "tangentMode": 0
          }
        ],
        "length": 2,
        "preWrapMode": "ClampForever",
        "postWrapMode": "ClampForever"
      },
      "minDistance": 1.0,
      "maxDistance": 500.0,
      "step": "Loop",
      "stepCustomId": null,
      "loopCustomStep": false,
      "platformFilter": "Windows, Android",
      "sensitiveContent": "None",
      "sensitiveFilterBehaviour": "Discard",
      "damagerStateFilter": "Inactive, Active",
      "damageTypeFilter": "Energy, Blunt, Slash, Pierce",
      "penetrationFilter": "None, Pressure, Hit",
      "reparentWithBreakable": true,
      "imbuesFilterLogic": "AnyExcept",
      "imbuesFilter": [],
      "colliderGroupFilterLogic": "AnyExcept",
      "colliderGroupsFilter": [],
      "damagersFilterLogic": "AnyExcept",
      "damagersFilter": [],
      "intensityCurve": {
        "$type": "UnityEngine.AnimationCurve, UnityEngine.CoreModule",
        "keys": [
          {
            "$type": "UnityEngine.Keyframe, UnityEngine.CoreModule",
            "time": 0.0,
            "value": 0.0,
            "inTangent": 0.0,
            "outTangent": 1.0,
            "inWeight": 0.0,
            "outWeight": 0.0,
            "weightedMode": "None",
            "tangentMode": 0
          },
          {
            "$type": "UnityEngine.Keyframe, UnityEngine.CoreModule",
            "time": 1.0,
            "value": 1.0,
            "inTangent": 1.0,
            "outTangent": 0.0,
            "inWeight": 0.0,
            "outWeight": 0.0,
            "weightedMode": "None",
            "tangentMode": 0
          }
        ],
        "length": 2,
        "preWrapMode": "ClampForever",
        "postWrapMode": "ClampForever"
      }
    },
    {
      "$type": "ThunderRoad.EffectModuleAudio, ThunderRoad",
      "audioContainerAddress": "Silk.AudioContainer.Spell.Waterbending.Cast",
      "fadeInTime": 0.0,
      "loopFadeDelay": 0.0,
      "audioMixer": "Effect",
      "spatialBlend": 1.0,
      "globalOnPlayerOnly": false,
      "playDelay": 0.0,
      "dopplerLevel": 0.0,
      "useAudioForHaptic": false,
      "intensitySmoothingSampleCount": 0,
      "speedSmoothingSampleCount": 0,
      "cullMinVolume": 0.05,
      "volumeDb": 0.0,
      "useVolumeIntensity": false,
      "volumeIntensityCurve": {
        "$type": "UnityEngine.AnimationCurve, UnityEngine.CoreModule",
        "keys": [
          {
            "$type": "UnityEngine.Keyframe, UnityEngine.CoreModule",
            "time": 0.0,
            "value": 1.0,
            "inTangent": 0.0,
            "outTangent": 0.0,
            "inWeight": 0.0,
            "outWeight": 0.0,
            "weightedMode": "None",
            "tangentMode": 0
          },
          {
            "$type": "UnityEngine.Keyframe, UnityEngine.CoreModule",
            "time": 1.0,
            "value": 1.0,
            "inTangent": 0.0,
            "outTangent": 0.0,
            "inWeight": 0.0,
            "outWeight": 0.0,
            "weightedMode": "None",
            "tangentMode": 0
          }
        ],
        "length": 2,
        "preWrapMode": "ClampForever",
        "postWrapMode": "ClampForever"
      },
      "useVolumeSpeed": true,
      "volumeSpeedCurve": {
        "$type": "UnityEngine.AnimationCurve, UnityEngine.CoreModule",
        "keys": [
          {
            "$type": "UnityEngine.Keyframe, UnityEngine.CoreModule",
            "time": 0.0,
            "value": 0.0,
            "inTangent": 0.0,
            "outTangent": 0.0,
            "inWeight": 0.0,
            "outWeight": 0.0,
            "weightedMode": "None",
            "tangentMode": 0
          },
          {
            "$type": "UnityEngine.Keyframe, UnityEngine.CoreModule",
            "time": 1.0,
            "value": 0.6,
            "inTangent": 0.0,
            "outTangent": 0.0,
            "inWeight": 0.0,
            "outWeight": 0.0,
            "weightedMode": "None",
            "tangentMode": 0
          }
        ],
        "length": 2,
        "preWrapMode": "ClampForever",
        "postWrapMode": "ClampForever"
      },
      "volumeBlendMode": "Min",
      "reverbZoneMix": 1.0,
      "isNoiseForAI": false,
      "onDynamicMusic": false,
      "dynamicMusicTiming": "OnBeat",
      "randomPlay": false,
      "randomMinTime": 2.0,
      "randomMaxTime": 5.0,
      "randomTime": false,
      "linkEffectPitch": true,
      "randomPitch": false,
      "pitchEffectLink": "Intensity",
      "pitchCurve": {
        "$type": "UnityEngine.AnimationCurve, UnityEngine.CoreModule",
        "keys": [
          {
            "$type": "UnityEngine.Keyframe, UnityEngine.CoreModule",
            "time": 0.0,
            "value": 0.8,
            "inTangent": 0.199999988,
            "outTangent": 0.199999988,
            "inWeight": 0.0,
            "outWeight": 0.333333343,
            "weightedMode": "None",
            "tangentMode": 34
          },
          {
            "$type": "UnityEngine.Keyframe, UnityEngine.CoreModule",
            "time": 1.0,
            "value": 1.0,
            "inTangent": 0.199999988,
            "outTangent": 0.199999988,
            "inWeight": 0.333333343,
            "outWeight": 0.0,
            "weightedMode": "None",
            "tangentMode": 34
          }
        ],
        "length": 2,
        "preWrapMode": "ClampForever",
        "postWrapMode": "ClampForever"
      },
      "useLowPassFilter": false,
      "lowPassEffectLink": "Speed",
      "lowPassCutoffFrequencyCurve": {
        "$type": "UnityEngine.AnimationCurve, UnityEngine.CoreModule",
        "keys": [
          {
            "$type": "UnityEngine.Keyframe, UnityEngine.CoreModule",
            "time": 0.0,
            "value": 22000.0,
            "inTangent": 0.0,
            "outTangent": 0.0,
            "inWeight": 0.0,
            "outWeight": 0.0,
            "weightedMode": "None",
            "tangentMode": 0
          },
          {
            "$type": "UnityEngine.Keyframe, UnityEngine.CoreModule",
            "time": 1.0,
            "value": 22000.0,
            "inTangent": 0.0,
            "outTangent": 0.0,
            "inWeight": 0.0,
            "outWeight": 0.0,
            "weightedMode": "None",
            "tangentMode": 0
          }
        ],
        "length": 2,
        "preWrapMode": "ClampForever",
        "postWrapMode": "ClampForever"
      },
      "lowPassResonanceQCurve": {
        "$type": "UnityEngine.AnimationCurve, UnityEngine.CoreModule",
        "keys": [
          {
            "$type": "UnityEngine.Keyframe, UnityEngine.CoreModule",
            "time": 0.0,
            "value": 1.0,
            "inTangent": 0.0,
            "outTangent": 0.0,
            "inWeight": 0.0,
            "outWeight": 0.0,
            "weightedMode": "None",
            "tangentMode": 0
          },
          {
            "$type": "UnityEngine.Keyframe, UnityEngine.CoreModule",
            "time": 1.0,
            "value": 1.0,
            "inTangent": 0.0,
            "outTangent": 0.0,
            "inWeight": 0.0,
            "outWeight": 0.0,
            "weightedMode": "None",
            "tangentMode": 0
          }
        ],
        "length": 2,
        "preWrapMode": "ClampForever",
        "postWrapMode": "ClampForever"
      },
      "useHighPassFilter": false,
      "highPassEffectLink": "Speed",
      "highPassCutoffFrequencyCurve": {
        "$type": "UnityEngine.AnimationCurve, UnityEngine.CoreModule",
        "keys": [
          {
            "$type": "UnityEngine.Keyframe, UnityEngine.CoreModule",
            "time": 0.0,
            "value": 10.0,
            "inTangent": 0.0,
            "outTangent": 0.0,
            "inWeight": 0.0,
            "outWeight": 0.0,
            "weightedMode": "None",
            "tangentMode": 0
          },
          {
            "$type": "UnityEngine.Keyframe, UnityEngine.CoreModule",
            "time": 1.0,
            "value": 10.0,
            "inTangent": 0.0,
            "outTangent": 0.0,
            "inWeight": 0.0,
            "outWeight": 0.0,
            "weightedMode": "None",
            "tangentMode": 0
          }
        ],
        "length": 2,
        "preWrapMode": "ClampForever",
        "postWrapMode": "ClampForever"
      },
      "highPassResonanceQCurve": {
        "$type": "UnityEngine.AnimationCurve, UnityEngine.CoreModule",
        "keys": [
          {
            "$type": "UnityEngine.Keyframe, UnityEngine.CoreModule",
            "time": 0.0,
            "value": 1.0,
            "inTangent": 0.0,
            "outTangent": 0.0,
            "inWeight": 0.0,
            "outWeight": 0.0,
            "weightedMode": "None",
            "tangentMode": 0
          },
          {
            "$type": "UnityEngine.Keyframe, UnityEngine.CoreModule",
            "time": 1.0,
            "value": 1.0,
            "inTangent": 0.0,
            "outTangent": 0.0,
            "inWeight": 0.0,
            "outWeight": 0.0,
            "weightedMode": "None",
            "tangentMode": 0
          }
        ],
        "length": 2,
        "preWrapMode": "ClampForever",
        "postWrapMode": "ClampForever"
      },
      "useReverbFilter": false,
      "reverbEffectLink": "Speed",
      "reverbDryLevelCurve": {
        "$type": "UnityEngine.AnimationCurve, UnityEngine.CoreModule",
        "keys": [
          {
            "$type": "UnityEngine.Keyframe, UnityEngine.CoreModule",
            "time": 0.0,
            "value": 0.0,
            "inTangent": 0.0,
            "outTangent": 0.0,
            "inWeight": 0.0,
            "outWeight": 0.0,
            "weightedMode": "None",
            "tangentMode": 0
          },
          {
            "$type": "UnityEngine.Keyframe, UnityEngine.CoreModule",
            "time": 1.0,
            "value": 0.0,
            "inTangent": 0.0,
            "outTangent": 0.0,
            "inWeight": 0.0,
            "outWeight": 0.0,
            "weightedMode": "None",
            "tangentMode": 0
          }
        ],
        "length": 2,
        "preWrapMode": "ClampForever",
        "postWrapMode": "ClampForever"
      },
      "minDistance": 1.0,
      "maxDistance": 500.0,
      "step": "Loop",
      "stepCustomId": null,
      "loopCustomStep": false,
      "platformFilter": "Windows, Android",
      "sensitiveContent": "None",
      "sensitiveFilterBehaviour": "Discard",
      "damagerStateFilter": "Inactive, Active",
      "damageTypeFilter": "Energy, Blunt, Slash, Pierce",
      "penetrationFilter": "None, Pressure, Hit",
      "reparentWithBreakable": true,
      "imbuesFilterLogic": "AnyExcept",
      "imbuesFilter": [],
      "colliderGroupFilterLogic": "AnyExcept",
      "colliderGroupsFilter": [],
      "damagersFilterLogic": "AnyExcept",
      "damagersFilter": [],
      "intensityCurve": {
        "$type": "UnityEngine.AnimationCurve, UnityEngine.CoreModule",
        "keys": [
          {
            "$type": "UnityEngine.Keyframe, UnityEngine.CoreModule",
            "time": 0.0,
            "value": 0.0,
            "inTangent": 0.0,
            "outTangent": 1.0,
            "inWeight": 0.0,
            "outWeight": 0.0,
            "weightedMode": "None",
            "tangentMode": 0
          },
          {
            "$type": "UnityEngine.Keyframe, UnityEngine.CoreModule",
            "time": 1.0,
            "value": 1.0,
            "inTangent": 1.0,
            "outTangent": 0.0,
            "inWeight": 0.0,
            "outWeight": 0.0,
            "weightedMode": "None",
            "tangentMode": 0
          }
        ],
        "length": 2,
        "preWrapMode": "ClampForever",
        "postWrapMode": "ClampForever"
      }
    },
    {
      "$type": "ThunderRoad.EffectModuleLight, ThunderRoad",
      "localRotation": {
        "x": 0.0,
        "y": 1.0,
        "z": 0.0,
        "w": -4.371139E-08
      },
      "intensityCurve": {
        "$type": "UnityEngine.AnimationCurve, UnityEngine.CoreModule",
        "keys": [
          {
            "$type": "UnityEngine.Keyframe, UnityEngine.CoreModule",
            "time": 0.0,
            "value": 0.0,
            "inTangent": 0.5,
            "outTangent": 0.5,
            "inWeight": 0.0,
            "outWeight": 0.333333343,
            "weightedMode": "None",
            "tangentMode": 34
          },
          {
            "$type": "UnityEngine.Keyframe, UnityEngine.CoreModule",
            "time": 1.0,
            "value": 0.5,
            "inTangent": 0.5,
            "outTangent": 0.5,
            "inWeight": 0.333333343,
            "outWeight": 0.0,
            "weightedMode": "None",
            "tangentMode": 34
          }
        ],
        "length": 2,
        "preWrapMode": "ClampForever",
        "postWrapMode": "ClampForever"
      },
      "intensitySmoothFactor": 10.0,
      "rangeCurve": {
        "$type": "UnityEngine.AnimationCurve, UnityEngine.CoreModule",
        "keys": [
          {
            "$type": "UnityEngine.Keyframe, UnityEngine.CoreModule",
            "time": 0.0,
            "value": 0.0,
            "inTangent": 5.0,
            "outTangent": 5.0,
            "inWeight": 0.0,
            "outWeight": 0.333333343,
            "weightedMode": "None",
            "tangentMode": 34
          },
          {
            "$type": "UnityEngine.Keyframe, UnityEngine.CoreModule",
            "time": 1.0,
            "value": 5.0,
            "inTangent": 5.0,
            "outTangent": 5.0,
            "inWeight": 0.333333343,
            "outWeight": 0.0,
            "weightedMode": "None",
            "tangentMode": 34
          }
        ],
        "length": 2,
        "preWrapMode": "ClampForever",
        "postWrapMode": "ClampForever"
      },
      "rangeSmoothFactor": 10.0,
      "colorStart": {
        "r": 0.0,
        "g": 0.0,
        "b": 0.0,
        "a": 0.0
      },
      "colorEnd": {
        "r": 0.3867924,
        "g": 1,
        "b": 1.23,
        "a": 1.0
      },
      "colorSmoothFactor": 10.0,
      "loopFadeDelay": 0.2,
      "flickerIntensityCurve": {
        "$type": "UnityEngine.AnimationCurve, UnityEngine.CoreModule",
        "keys": [
          {
            "$type": "UnityEngine.Keyframe, UnityEngine.CoreModule",
            "time": 0.0,
            "value": 1.0,
            "inTangent": 0.0,
            "outTangent": 0.0,
            "inWeight": 0.0,
            "outWeight": 0.0,
            "weightedMode": "None",
            "tangentMode": 0
          },
          {
            "$type": "UnityEngine.Keyframe, UnityEngine.CoreModule",
            "time": 1.0,
            "value": 1.5,
            "inTangent": 0.0,
            "outTangent": 0.0,
            "inWeight": 0.0,
            "outWeight": 0.0,
            "weightedMode": "None",
            "tangentMode": 0
          }
        ],
        "length": 2,
        "preWrapMode": "ClampForever",
        "postWrapMode": "ClampForever"
      },
      "flickerRateCurve": {
        "$type": "UnityEngine.AnimationCurve, UnityEngine.CoreModule",
        "keys": [
          {
            "$type": "UnityEngine.Keyframe, UnityEngine.CoreModule",
            "time": 0.0,
            "value": 10.0,
            "inTangent": 0.0,
            "outTangent": 0.0,
            "inWeight": 0.0,
            "outWeight": 0.333333343,
            "weightedMode": "None",
            "tangentMode": 34
          },
          {
            "$type": "UnityEngine.Keyframe, UnityEngine.CoreModule",
            "time": 1.0,
            "value": 10.0,
            "inTangent": 0.0,
            "outTangent": 0.0,
            "inWeight": 0.333333343,
            "outWeight": 0.0,
            "weightedMode": "None",
            "tangentMode": 34
          }
        ],
        "length": 2,
        "preWrapMode": "ClampForever",
        "postWrapMode": "ClampForever"
      },
      "step": "Loop",
      "stepCustomId": null,
      "loopCustomStep": false,
      "platformFilter": "Windows",
      "sensitiveContent": "None",
      "sensitiveFilterBehaviour": "Discard",
      "damagerStateFilter": "Inactive, Active",
      "damageTypeFilter": "Energy, Blunt, Slash, Pierce",
      "penetrationFilter": "None, Pressure, Hit",
      "reparentWithBreakable": true,
      "imbuesFilterLogic": "AnyExcept",
      "imbuesFilter": [],
      "colliderGroupFilterLogic": "NoneExcept",
      "colliderGroupsFilter": [
        "CrystalStaff"
      ],
      "damagersFilterLogic": "AnyExcept",
      "damagersFilter": []
    }
  ],
  "groupPath": null
}