{
  "$type": "ThunderRoad.EffectData, ThunderRoad",
  "id": "WaterbendingPunch",
  "sensitiveContent": "None",
  "sensitiveFilterBehaviour": "Discard",
  "version": 0,
  "groupId": "Waterbending",
  "volumeDb": 0.0,
  "modules": [
    {
      "$type": "ThunderRoad.EffectModuleAudio, ThunderRoad",
      "audioContainerAddress": "Silk.AudioContainer.Spell.Waterbending.Splash",
      "fadeInTime": 0.0,
      "loopFadeDelay": 0.0,
      "audioMixer": "Effect",
      "spatialBlend": 1.0,
      "globalOnPlayerOnly": false,
      "playDelay": 0.0,
      "dopplerLevel": 0.0,
      "useAudioForHaptic": false,
      "intensitySmoothingSampleCount": 0,
      "speedSmoothingSampleCount": 0,
      "cullMinVolume": 0.05,
      "volumeDb": 7.0,
      "useVolumeIntensity": true,
      "volumeIntensityCurve": {
        "$type": "UnityEngine.AnimationCurve, UnityEngine.CoreModule",
        "keys": [
          {
            "$type": "UnityEngine.Keyframe, UnityEngine.CoreModule",
            "time": 0.0,
            "value": 1.0,
            "inTangent": 0.0,
            "outTangent": 0.0,
            "inWeight": 0.0,
            "outWeight": 0.0,
            "weightedMode": "None",
            "tangentMode": 0
          },
          {
            "$type": "UnityEngine.Keyframe, UnityEngine.CoreModule",
            "time": 1.0,
            "value": 1.0,
            "inTangent": 0.0,
            "outTangent": 0.0,
            "inWeight": 0.0,
            "outWeight": 0.0,
            "weightedMode": "None",
            "tangentMode": 0
          }
        ],
        "length": 2,
        "preWrapMode": "ClampForever",
        "postWrapMode": "ClampForever"
      },
      "useVolumeSpeed": false,
      "volumeSpeedCurve": {
        "$type": "UnityEngine.AnimationCurve, UnityEngine.CoreModule",
        "keys": [
          {
            "$type": "UnityEngine.Keyframe, UnityEngine.CoreModule",
            "time": 0.0,
            "value": 1.0,
            "inTangent": 0.0,
            "outTangent": 0.0,
            "inWeight": 0.0,
            "outWeight": 0.0,
            "weightedMode": "None",
            "tangentMode": 0
          },
          {
            "$type": "UnityEngine.Keyframe, UnityEngine.CoreModule",
            "time": 1.0,
            "value": 1.0,
            "inTangent": 0.0,
            "outTangent": 0.0,
            "inWeight": 0.0,
            "outWeight": 0.0,
            "weightedMode": "None",
            "tangentMode": 0
          }
        ],
        "length": 2,
        "preWrapMode": "ClampForever",
        "postWrapMode": "ClampForever"
      },
      "volumeBlendMode": "Min",
      "reverbZoneMix": 1.0,
      "isNoiseForAI": true,
      "onDynamicMusic": false,
      "dynamicMusicTiming": "OnBeat",
      "randomPlay": false,
      "randomMinTime": 2.0,
      "randomMaxTime": 5.0,
      "randomTime": false,
      "linkEffectPitch": true,
      "randomPitch": false,
      "pitchEffectLink": "Intensity",
      "pitchCurve": {
        "$type": "UnityEngine.AnimationCurve, UnityEngine.CoreModule",
        "keys": [
          {
            "$type": "UnityEngine.Keyframe, UnityEngine.CoreModule",
            "time": 0.0,
            "value": 1.0,
            "inTangent": 0.0,
            "outTangent": 0.0,
            "inWeight": 0.0,
            "outWeight": 0.0,
            "weightedMode": "None",
            "tangentMode": 0
          },
          {
            "$type": "UnityEngine.Keyframe, UnityEngine.CoreModule",
            "time": 1.0,
            "value": 1.0,
            "inTangent": 0.0,
            "outTangent": 0.0,
            "inWeight": 0.0,
            "outWeight": 0.0,
            "weightedMode": "None",
            "tangentMode": 0
          }
        ],
        "length": 2,
        "preWrapMode": "ClampForever",
        "postWrapMode": "ClampForever"
      },
      "useLowPassFilter": false,
      "lowPassEffectLink": "Intensity",
      "lowPassCutoffFrequencyCurve": {
        "$type": "UnityEngine.AnimationCurve, UnityEngine.CoreModule",
        "keys": [
          {
            "$type": "UnityEngine.Keyframe, UnityEngine.CoreModule",
            "time": 0.0,
            "value": 22000.0,
            "inTangent": 0.0,
            "outTangent": 0.0,
            "inWeight": 0.0,
            "outWeight": 0.0,
            "weightedMode": "None",
            "tangentMode": 0
          },
          {
            "$type": "UnityEngine.Keyframe, UnityEngine.CoreModule",
            "time": 1.0,
            "value": 22000.0,
            "inTangent": 0.0,
            "outTangent": 0.0,
            "inWeight": 0.0,
            "outWeight": 0.0,
            "weightedMode": "None",
            "tangentMode": 0
          }
        ],
        "length": 2,
        "preWrapMode": "ClampForever",
        "postWrapMode": "ClampForever"
      },
      "lowPassResonanceQCurve": {
        "$type": "UnityEngine.AnimationCurve, UnityEngine.CoreModule",
        "keys": [
          {
            "$type": "UnityEngine.Keyframe, UnityEngine.CoreModule",
            "time": 0.0,
            "value": 1.0,
            "inTangent": 0.0,
            "outTangent": 0.0,
            "inWeight": 0.0,
            "outWeight": 0.0,
            "weightedMode": "None",
            "tangentMode": 0
          },
          {
            "$type": "UnityEngine.Keyframe, UnityEngine.CoreModule",
            "time": 1.0,
            "value": 1.0,
            "inTangent": 0.0,
            "outTangent": 0.0,
            "inWeight": 0.0,
            "outWeight": 0.0,
            "weightedMode": "None",
            "tangentMode": 0
          }
        ],
        "length": 2,
        "preWrapMode": "ClampForever",
        "postWrapMode": "ClampForever"
      },
      "useHighPassFilter": false,
      "highPassEffectLink": "Intensity",
      "highPassCutoffFrequencyCurve": {
        "$type": "UnityEngine.AnimationCurve, UnityEngine.CoreModule",
        "keys": [
          {
            "$type": "UnityEngine.Keyframe, UnityEngine.CoreModule",
            "time": 0.0,
            "value": 10.0,
            "inTangent": 0.0,
            "outTangent": 0.0,
            "inWeight": 0.0,
            "outWeight": 0.0,
            "weightedMode": "None",
            "tangentMode": 0
          },
          {
            "$type": "UnityEngine.Keyframe, UnityEngine.CoreModule",
            "time": 1.0,
            "value": 10.0,
            "inTangent": 0.0,
            "outTangent": 0.0,
            "inWeight": 0.0,
            "outWeight": 0.0,
            "weightedMode": "None",
            "tangentMode": 0
          }
        ],
        "length": 2,
        "preWrapMode": "ClampForever",
        "postWrapMode": "ClampForever"
      },
      "highPassResonanceQCurve": {
        "$type": "UnityEngine.AnimationCurve, UnityEngine.CoreModule",
        "keys": [
          {
            "$type": "UnityEngine.Keyframe, UnityEngine.CoreModule",
            "time": 0.0,
            "value": 1.0,
            "inTangent": 0.0,
            "outTangent": 0.0,
            "inWeight": 0.0,
            "outWeight": 0.0,
            "weightedMode": "None",
            "tangentMode": 0
          },
          {
            "$type": "UnityEngine.Keyframe, UnityEngine.CoreModule",
            "time": 1.0,
            "value": 1.0,
            "inTangent": 0.0,
            "outTangent": 0.0,
            "inWeight": 0.0,
            "outWeight": 0.0,
            "weightedMode": "None",
            "tangentMode": 0
          }
        ],
        "length": 2,
        "preWrapMode": "ClampForever",
        "postWrapMode": "ClampForever"
      },
      "useReverbFilter": false,
      "reverbEffectLink": "Intensity",
      "reverbDryLevelCurve": {
        "$type": "UnityEngine.AnimationCurve, UnityEngine.CoreModule",
        "keys": [
          {
            "$type": "UnityEngine.Keyframe, UnityEngine.CoreModule",
            "time": 0.0,
            "value": 0.0,
            "inTangent": 0.0,
            "outTangent": 0.0,
            "inWeight": 0.0,
            "outWeight": 0.0,
            "weightedMode": "None",
            "tangentMode": 0
          },
          {
            "$type": "UnityEngine.Keyframe, UnityEngine.CoreModule",
            "time": 1.0,
            "value": 0.0,
            "inTangent": 0.0,
            "outTangent": 0.0,
            "inWeight": 0.0,
            "outWeight": 0.0,
            "weightedMode": "None",
            "tangentMode": 0
          }
        ],
        "length": 2,
        "preWrapMode": "ClampForever",
        "postWrapMode": "ClampForever"
      },
      "minDistance": 1.0,
      "maxDistance": 500.0,
      "step": "Start",
      "stepCustomId": null,
      "loopCustomStep": false,
      "platformFilter": "Windows, Android",
      "sensitiveContent": "None",
      "sensitiveFilterBehaviour": "Discard",
      "damagerStateFilter": "Inactive, Active",
      "damageTypeFilter": "Energy, Blunt, Slash, Pierce",
      "penetrationFilter": "None, Pressure, Hit",
      "reparentWithBreakable": true,
      "imbuesFilterLogic": "AnyExcept",
      "imbuesFilter": [],
      "colliderGroupFilterLogic": "AnyExcept",
      "colliderGroupsFilter": [],
      "damagersFilterLogic": "AnyExcept",
      "damagersFilter": [],
      "intensityCurve": {
        "$type": "UnityEngine.AnimationCurve, UnityEngine.CoreModule",
        "keys": [
          {
            "$type": "UnityEngine.Keyframe, UnityEngine.CoreModule",
            "time": 0.0,
            "value": 0.0,
            "inTangent": 0.0,
            "outTangent": 1.0,
            "inWeight": 0.0,
            "outWeight": 0.0,
            "weightedMode": "None",
            "tangentMode": 0
          },
          {
            "$type": "UnityEngine.Keyframe, UnityEngine.CoreModule",
            "time": 1.0,
            "value": 1.0,
            "inTangent": 1.0,
            "outTangent": 0.0,
            "inWeight": 0.0,
            "outWeight": 0.0,
            "weightedMode": "None",
            "tangentMode": 0
          }
        ],
        "length": 2,
        "preWrapMode": "ClampForever",
        "postWrapMode": "ClampForever"
      }
    },
    {
      "$type": "ThunderRoad.EffectModuleParticle, ThunderRoad",
      "effectLink": "Intensity",
      "insideParticleRadius": 0.0,
      "cullMinIntensity": 0.05,
      "cullMinSpeed": 0.05,
      "effectParticleAddress": "Silk.Effect.Spell.Water.Punch",
      "intensityCurve": {
        "$type": "UnityEngine.AnimationCurve, UnityEngine.CoreModule",
        "keys": [],
        "length": 0,
        "preWrapMode": "ClampForever",
        "postWrapMode": "ClampForever"
      },
      "renderInLateUpdate": false,
      "mainColorStart": {
        "r": 0.0,
        "g": 0.0,
        "b": 0.0,
        "a": 0.0
      },
      "mainColorEnd": {
        "r": 0.0,
        "g": 0.0,
        "b": 0.0,
        "a": 0.0
      },
      "secondaryColorStart": {
        "r": 0.0,
        "g": 0.0,
        "b": 0.0,
        "a": 0.0
      },
      "secondaryColorEnd": {
        "r": 0.0,
        "g": 0.0,
        "b": 0.0,
        "a": 0.0
      },
      "mainNoHdrColorStart": {
        "r": 0.0,
        "g": 0.0,
        "b": 0.0,
        "a": 0.0
      },
      "mainNoHdrColorEnd": {
        "r": 0.0,
        "g": 0.0,
        "b": 0.0,
        "a": 0.0
      },
      "secondaryNoHdrColorStart": {
        "r": 0.0,
        "g": 0.0,
        "b": 0.0,
        "a": 0.0
      },
      "secondaryNoHdrColorEnd": {
        "r": 0.0,
        "g": 0.0,
        "b": 0.0,
        "a": 0.0
      },
      "localScale": {
        "x": 0.7,
        "y": 0.7,
        "z": 0.7
      },
      "useScaleCurve": false,
      "scaleCurve": null,
      "localRotation": {
        "x": -90.0,
        "y": 0.0,
        "z": 0.0
      },
      "collisionEffectId": null,
      "collisionLayerMask": -201,
      "collisionMaxGroundAngle": 45.0,
      "collisionEmitRate": 0.2,
      "collisionMinIntensity": 0.0,
      "collisionMaxIntensity": 1.0,
      "collisionUseMainGradient": false,
      "collisionUseSecondaryGradient": false,
      "step": "Start",
      "stepCustomId": null,
      "loopCustomStep": false,
      "platformFilter": "Windows, Android",
      "sensitiveContent": "None",
      "sensitiveFilterBehaviour": "Discard",
      "damagerStateFilter": "Inactive, Active",
      "damageTypeFilter": "Energy, Blunt, Slash, Pierce",
      "penetrationFilter": "None, Pressure, Hit",
      "reparentWithBreakable": true,
      "imbuesFilterLogic": "AnyExcept",
      "imbuesFilter": [],
      "colliderGroupFilterLogic": "AnyExcept",
      "colliderGroupsFilter": [],
      "damagersFilterLogic": "AnyExcept",
      "damagersFilter": []
    }
  ],
  "groupPath": null
}