{
  "$type": "ThunderRoad.EffectData, ThunderRoad",
  "id": "ImbueWaterbendingRagdoll",
  "sensitiveContent": "None",
  "sensitiveFilterBehaviour": "Discard",
  "version": 0,
  "groupId": "Waterbending",
  "volumeDb": 0.0,
  "modules": [
    {
      "$type": "ThunderRoad.EffectModuleParticle, ThunderRoad",
      "effectLink": "Intensity",
      "insideParticleRadius": 0.0,
      "cullMinIntensity": 0.05,
      "cullMinSpeed": 0.05,
      "effectParticleAddress": "Silk.Effect.Spell.Water.Imbue.New.Ragdoll",
      "intensityCurve": null,
      "renderInLateUpdate": true,
      "mainColorStart": {
        "r": 0.0,
        "g": 0.0,
        "b": 0.0,
        "a": 0.0
      },
      "mainColorEnd": {
        "r": 0.0,
        "g": 0.0,
        "b": 0.0,
        "a": 0.0
      },
      "secondaryColorStart": {
        "r": 0.0,
        "g": 0.0,
        "b": 0.0,
        "a": 0.0
      },
      "secondaryColorEnd": {
        "r": 0.0,
        "g": 0.0,
        "b": 0.0,
        "a": 0.0
      },
      "mainNoHdrColorStart": {
        "r": 0.0,
        "g": 0.0,
        "b": 0.0,
        "a": 1.0
      },
      "mainNoHdrColorEnd": {
        "r": 0.0,
        "g": 0.0,
        "b": 0.0,
        "a": 1.0
      },
      "secondaryNoHdrColorStart": {
        "r": 0.0,
        "g": 0.0,
        "b": 0.0,
        "a": 1.0
      },
      "secondaryNoHdrColorEnd": {
        "r": 0.0,
        "g": 0.0,
        "b": 0.0,
        "a": 1.0
      },
      "localScale": {
        "x": 1.0,
        "y": 1.0,
        "z": 1.0
      },
      "useScaleCurve": false,
      "scaleCurve": null,
      "localRotation": {
        "x": 0.0,
        "y": 0.0,
        "z": 0.0
      },
      "collisionEffectId": null,
      "collisionLayerMask": -2097353,
      "collisionMaxGroundAngle": 45.0,
      "collisionEmitRate": 0.2,
      "collisionMinIntensity": 0.0,
      "collisionMaxIntensity": 1.0,
      "collisionUseMainGradient": false,
      "collisionUseSecondaryGradient": false,
      "step": "Loop",
      "stepCustomId": null,
      "loopCustomStep": false,
      "platformFilter": "Windows, Android",
      "sensitiveContent": "None",
      "sensitiveFilterBehaviour": "Discard",
      "damagerStateFilter": "Inactive, Active",
      "damageTypeFilter": "Energy, Blunt, Slash, Pierce",
      "penetrationFilter": "None, Pressure, Hit",
      "reparentWithBreakable": true,
      "imbuesFilterLogic": "AnyExcept",
      "imbuesFilter": [],
      "colliderGroupFilterLogic": "AnyExcept",
      "colliderGroupsFilter": [],
      "damagersFilterLogic": "AnyExcept",
      "damagersFilter": []
    }
  ],
  "groupPath": null
}