{
  "$type": "Waterbending.Skill.Spell.SpellCastWaterbending, Waterbending",
  "id": "Waterbending",
  "sensitiveContent": "None",
  "sensitiveFilterBehaviour": "Discard",
  "version": 0,
  "minSpeed": 2.0,
  "maxDistance": 20,
  "maxAngle": 60,
  "handAngle": 0.7,
  "cooldown": 2.5,
  "crushForce": 85,
  "speedUpByTimeScale": false,
  "statusId": "Drenched",
  "ringEffectId": "WaterbendingRings",
  "punchEffectId": "WaterbendingPunch",
  "crushEffectId": "WaterbendingCrush",
  "imbueHitEffectId": "HitImbueWaterbending",
  "imbueHitRagdollEffectId": null,
  "staffSlamRadius": 10.0,
  "staffSlamStunDuration": 5.0,
  "staffSlamExpandDuration": 1.0,
  "castDescription": "Summon a field of rotting poison in your hand",
  "imbueDescription": "Imbue Poisons enemies. Poisoned enemies will rot away and die.",
  "slamDescription": "A large AOE poison effect.",
  "chargeEffectId": "SpellWaterbendingCharge",
  "readyEffectId": null,
  "fingerEffectId": null,
  "closeHandPoseId": "ChargeClose",
  "openHandPoseId": "ChargeOpen",
  "doReadyHaptic": true,
  "chargeEffectCurve": {
    "$type": "UnityEngine.AnimationCurve, UnityEngine.CoreModule",
    "keys": [
      {
        "$type": "UnityEngine.Keyframe, UnityEngine.CoreModule",
        "time": 0.0,
        "value": 0.0,
        "inTangent": 0.0,
        "outTangent": 0.0,
        "inWeight": 0.0,
        "outWeight": 0.0,
        "weightedMode": "None",
        "tangentMode": 0
      },
      {
        "$type": "UnityEngine.Keyframe, UnityEngine.CoreModule",
        "time": 0.375488281,
        "value": 0.279431164,
        "inTangent": 1.0,
        "outTangent": 1.0,
        "inWeight": 0.333333343,
        "outWeight": 0.333333343,
        "weightedMode": "None",
        "tangentMode": 0
      },
      {
        "$type": "UnityEngine.Keyframe, UnityEngine.CoreModule",
        "time": 0.5,
        "value": 0.3,
        "inTangent": 2.17612267,
        "outTangent": 2.17612267,
        "inWeight": 0.333333343,
        "outWeight": 0.333333343,
        "weightedMode": "None",
        "tangentMode": 0
      },
      {
        "$type": "UnityEngine.Keyframe, UnityEngine.CoreModule",
        "time": 0.719046533,
        "value": 0.920240164,
        "inTangent": 1.59237969,
        "outTangent": 1.59237969,
        "inWeight": 0.333333343,
        "outWeight": 0.333333343,
        "weightedMode": "None",
        "tangentMode": 0
      },
      {
        "$type": "UnityEngine.Keyframe, UnityEngine.CoreModule",
        "time": 1.0,
        "value": 1.0,
        "inTangent": 1.0,
        "outTangent": 1.0,
        "inWeight": 0.0,
        "outWeight": 0.0,
        "weightedMode": "None",
        "tangentMode": 0
      }
    ],
    "length": 5,
    "preWrapMode": "ClampForever",
    "postWrapMode": "ClampForever"
  },
  "orbVariationSpeed": 10.0,
  "orbVariationAmount": 0.2,
  "chargeSpeed": 0.8,
  "allowStaffBuff": false,
  "heldStaffModifiers": {
    "$type": "System.Collections.Generic.Dictionary`2[[ThunderRoad.Modifier, ThunderRoad],[System.Single, mscorlib]], mscorlib",
    "ChargeSpeed": 1.5,
    "Range": 1.2,
    "Efficiency": 1.1
  },
  "chargeSpeedPerSkill": 0.06,
  "grabbedFireMaxCharge": 0.25,
  "endOnGrip": true,
  "allowCharge": true,
  "chargeMinHaptic": 0.05,
  "chargeMaxHaptic": 0.2,
  "handSpringMultiplier": 0.8,
  "handLocomotionVelocityCorrectionMultiplier": 1.0,
  "allowThrow": false,
  "throwEffectId": null,
  "throwMinCharge": 0.7,
  "allowSpray": false,
  "sprayHandPoseId": "SpellCast",
  "sprayMagicOffset": {
    "x": -0.01,
    "y": 0.03,
    "z": -0.03
  },
  "sprayHeadToFireMaxAngle": 45.0,
  "sprayStopMinCharge": 0.1,
  "sprayStartMinCharge": 0.7,
  "gripCastEffectId": "SpellPunchFlourishWaterbending",
  "gripCastStatusEffectId": "Drenched",
  "gripCastStatusDuration": 3.0,
  "imbueEnabled": true,
  "imbueAllowMetal": true,
  "imbueRate": 50.0,
  "imbueLossMultiplier": 0.4,
  "imbueRadius": 0.2,
  "imbueHitUseDamager": false,
  "imbueHitMinVelocity": 4.0,
  "imbueWhooshMinSpeed": 4.0,
  "imbueWhooshMaxSpeed": 12.0,
  "imbueWhooshHapticMultiplier": 1.0,
  "imbueMetalEffectId": null,
  "imbueBladeEffectId": "ImbueWaterbending",
  "imbueCrystalEffectId": "ImbueWaterbending",
  "imbueNaaEffectId": null,
  "imbueTransferEffectId": null,
  "imbueHitEnergySteal": 1.0,
  "staffSlamRechargeDelay": 2.0,
  "staffSlamMinVelocity": 4.0,
  "staffSlamConsumptionMult": 1.0,
  "staffSlamMaxVelocity": 15.0,
  "staffSlamCollisionEffectId": "SpellWaterbendingStaffSlam",
  "allowEnemySelfSlam": false,
  "wheelDisplayName": "Waterbending",
  "hasOrder": true,
  "order": 1,
  "iconEffectId": "SpellOrbWaterbending",
  "aiCastType": "CastSimple",
  "loopMaxDuration": 5.0,
  "aiCastMinDistance": 0.0,
  "aiCastMaxDistance": 1.0,
  "aiCastGestureLength": 0.6,
  "minMana": 40.0,
  "shardId": "Crystal_Small_01_Shard",
  "prefabAddress": "Bas.Item.Misc.SkillOrb",
  "meshAddress": "Bas.Mesh.SkillTree.TierCrystal.Gravity.T1",
  "meshSize": 0.6,
  "orbLinkEffectId": "SkillTreeOrbLink",
  "tier": 0,
  "allowSkill": true,
  "forceAllowRefund": false,
  "showInTree": true,
  "hideInSkillMenu": false,
  "skillTreeDisplayName": "Waterbending - Punch",
  "description": "Force your hand forwards to push the enemy infront of you far way.",
  "imageAddress": "",
  "videoAddress": "Silk.Video.Skill.Waterbending",
  "buttonSpriteSheetAddress": "Bas.Ui.SkillTree.Icons",
  "buttonEnabledIconAddress": "Silk.Icon.SkillTree.Waterbending.Enabled",
  "buttonDisabledIconAddress": "Silk.Icon.SkillTree.Waterbending.Disabled",
  "orbIconAddress": "Silk.Icon.Skill.Waterbending",
  "tutorial": null,
  "tutorialLocalizationId": null,
  "tutorialGoal": null,
  "tutorialGoalLocalizationId": null,
  "costOverride": -1,
  "isDefaultSkill": false,
  "primarySkillTreeId": "Waterbending",
  "secondarySkillTreeId": "",
  "isTierBlocker": true,
  "groupPath": null,
  "MinDuration": 5.00000048,
  "MaxDuration": 9.9995,
  "StaffSlamConsumption": 0.0,
  "ReadyThreshold": 0.7,
  "Ready": false,
  "Order": 1,
  "classUnique": false,
  "IsCombinedSkill": false
}