{
  "$type": "Waterbending.Skill.SpellMerge.SpellMergeWaterbending, Waterbending",
  "id": "WaterbendingMerge",
  "sensitiveContent": "None",
  "sensitiveFilterBehaviour": "Discard",
  "version": 0,
  "hitEffectId": "HitImbueWaterbending",
  "statusId": "Drenched",
  "rainEffectId": "WaterRain",
  "enableHandControl": false,
  "handControlForce": 0.5,
  "handControlForceMode": "VelocityChange",
  "leftSpellId": "Waterbending",
  "rightSpellId": "Waterbending",
  "chargeSpeed": 0.35,
  "chargeSpeedPerSkill": 0.2,
  "chargeStartHandsRatio": 0.4,
  "stopSpeed": 0.6,
  "stopIfManaDepleted": true,
  "handEnterAngle": 30.0,
  "handEnterDistance": 0.2,
  "handExitAngle": 90.0,
  "handExitDistance": 0.6,
  "handCompletedDistance": 0.001,
  "minCharge": 0.9,
  "hapticIntensityCurve": {
    "$type": "UnityEngine.AnimationCurve, UnityEngine.CoreModule",
    "keys": [
      {
        "$type": "UnityEngine.Keyframe, UnityEngine.CoreModule",
        "time": 0.0,
        "value": 0.0,
        "inTangent": 0.0,
        "outTangent": 0.0,
        "inWeight": 0.0,
        "outWeight": 0.0,
        "weightedMode": "None",
        "tangentMode": 0
      },
      {
        "$type": "UnityEngine.Keyframe, UnityEngine.CoreModule",
        "time": 1.0,
        "value": 1.0,
        "inTangent": 2.0,
        "outTangent": 2.0,
        "inWeight": 0.0,
        "outWeight": 0.0,
        "weightedMode": "None",
        "tangentMode": 0
      }
    ],
    "length": 2,
    "preWrapMode": "ClampForever",
    "postWrapMode": "ClampForever"
  },
  "hapticCurveModifier": 0.5,
  "handForceCurve": {
    "$type": "UnityEngine.AnimationCurve, UnityEngine.CoreModule",
    "keys": [
      {
        "$type": "UnityEngine.Keyframe, UnityEngine.CoreModule",
        "time": 0.0,
        "value": 120.0,
        "inTangent": 0.0,
        "outTangent": 0.0,
        "inWeight": 0.0,
        "outWeight": 0.0,
        "weightedMode": "None",
        "tangentMode": 0
      },
      {
        "$type": "UnityEngine.Keyframe, UnityEngine.CoreModule",
        "time": 0.05,
        "value": 180.0,
        "inTangent": 0.0,
        "outTangent": 0.0,
        "inWeight": 0.333333343,
        "outWeight": 0.333333343,
        "weightedMode": "None",
        "tangentMode": 0
      },
      {
        "$type": "UnityEngine.Keyframe, UnityEngine.CoreModule",
        "time": 0.1,
        "value": 120.0,
        "inTangent": 0.0,
        "outTangent": 0.0,
        "inWeight": 0.0,
        "outWeight": 0.0,
        "weightedMode": "None",
        "tangentMode": 0
      }
    ],
    "length": 3,
    "preWrapMode": "ClampForever",
    "postWrapMode": "Loop"
  },
  "handForceMultiplierDistanceCurve": {
    "$type": "UnityEngine.AnimationCurve, UnityEngine.CoreModule",
    "keys": [
      {
        "$type": "UnityEngine.Keyframe, UnityEngine.CoreModule",
        "time": 0.0,
        "value": 1.0,
        "inTangent": 0.0,
        "outTangent": 0.0,
        "inWeight": 0.0,
        "outWeight": 0.0,
        "weightedMode": "None",
        "tangentMode": 0
      },
      {
        "$type": "UnityEngine.Keyframe, UnityEngine.CoreModule",
        "time": 0.2,
        "value": 0.0,
        "inTangent": 0.0,
        "outTangent": 0.0,
        "inWeight": 0.0,
        "outWeight": 0.0,
        "weightedMode": "None",
        "tangentMode": 0
      }
    ],
    "length": 2,
    "preWrapMode": "ClampForever",
    "postWrapMode": "ClampForever"
  },
  "handForceChargeCurve": {
    "$type": "UnityEngine.AnimationCurve, UnityEngine.CoreModule",
    "keys": [
      {
        "$type": "UnityEngine.Keyframe, UnityEngine.CoreModule",
        "time": 0.0,
        "value": 0.0,
        "inTangent": 0.0,
        "outTangent": 0.0,
        "inWeight": 0.0,
        "outWeight": 0.0,
        "weightedMode": "None",
        "tangentMode": 0
      },
      {
        "$type": "UnityEngine.Keyframe, UnityEngine.CoreModule",
        "time": 1.0,
        "value": 1.0,
        "inTangent": 3.15665078,
        "outTangent": 3.15665078,
        "inWeight": 0.0399556756,
        "outWeight": 0.0,
        "weightedMode": "None",
        "tangentMode": 0
      }
    ],
    "length": 2,
    "preWrapMode": "ClampForever",
    "postWrapMode": "ClampForever"
  },
  "handPositionSpringMultiplier": 0.2,
  "handPositionDamperMultiplier": 1.0,
  "handLocomotionVelocityCorrectionMultiplier": 0.75,
  "chargeEffectId": "SpellWaterbendingChargeMerge",
  "effectLerpFactor": 0.0,
  "fingerEffectId": null,
  "allowThrow": false,
  "throwEffectId": null,
  "throwMinHandVelocity": 2.0,
  "closeHandPoseId": "ChargeClose",
  "openHandPoseId": "ChargeOpen",
  "shardId": "Crystal_Small_01_Shard",
  "prefabAddress": "Bas.Item.Misc.SkillOrb",
  "meshAddress": "Bas.Mesh.SkillTree.TierCrystal.Gravity.T3",
  "meshSize": 0.6,
  "orbLinkEffectId": "SkillTreeOrbLink",
  "tier": 2,
  "allowSkill": true,
  "forceAllowRefund": false,
  "showInTree": true,
  "hideInSkillMenu": false,
  "skillTreeDisplayName": "Waterbending - Typhoon Storm",
  "description": "Merge two waterbending spells and pull apart to create a storm of typhoons that will launch enemies into the air and drench them in water.",
  "imageAddress": "",
  "videoAddress": "Silk.Video.Skill.Typhoon",
  "buttonSpriteSheetAddress": "Bas.Ui.SkillTree.Icons",
  "buttonEnabledIconAddress": "Silk.Icon.SkillTree.Waterbending.Enabled",
  "buttonDisabledIconAddress": "Silk.Icon.SkillTree.Waterbending.Disabled",
  "orbIconAddress": "Silk.Icon.Skill.Typhoon",
  "tutorial": null,
  "tutorialLocalizationId": null,
  "tutorialGoal": null,
  "tutorialGoalLocalizationId": null,
  "costOverride": -1,
  "isDefaultSkill": false,
  "primarySkillTreeId": "Waterbending",
  "secondarySkillTreeId": "",
  "isTierBlocker": true,
  "groupPath": null,
  "classUnique": false,
  "IsCombinedSkill": false
}