{
  "$type": "Waterbending.Skill.SkillWaterCrush, Waterbending",
  "id": "WaterPunch",
  "sensitiveContent": "None",
  "sensitiveFilterBehaviour": "Discard",
  "version": 0,
  "statusId": "Drenched",
  "crushEffectId": "WaterbendingCrush",
  "shardId": "Crystal_Small_01_Shard",
  "prefabAddress": "Bas.Item.Misc.SkillOrb",
  "meshAddress": null,
  "meshSize": 1,
  "orbLinkEffectId": "SkillTreeOrbLink",
  "tier": 1,
  "allowSkill": true,
  "forceAllowRefund": false,
  "showInTree": true,
  "hideInSkillMenu": false,
  "skillTreeDisplayName": "Waterbending - Crush",
  "description": "Thrust your hand down to suck the enemy infront of you into the ground.",
  "imageAddress": "",
  "videoAddress": "Silk.Video.Skill.Waterbending",
  "buttonSpriteSheetAddress": "Bas.Ui.SkillTree.Icons",
  "buttonEnabledIconAddress": "Silk.Icon.SkillTree.Waterbending.Enabled",
  "buttonDisabledIconAddress": "Silk.Icon.SkillTree.Waterbending.Disabled",
  "orbIconAddress": "Silk.Icon.Skill.Waterbending",
  "tutorial": null,
  "tutorialLocalizationId": null,
  "tutorialGoal": null,
  "tutorialGoalLocalizationId": null,
  "costOverride": -1,
  "isDefaultSkill": false,
  "primarySkillTreeId": "Waterbending",
  "secondarySkillTreeId": null,
  "isTierBlocker": false,
  "groupPath": null,
  "IsCombinedSkill": false,
  "classUnique": true
}