{
  "$type": "Waterbending.Skill.SkillTidalGeyser, Waterbending",
  "id": "TidalGeyser",
  "sensitiveContent": "None",
  "sensitiveFilterBehaviour": "Discard",
  "version": 0,
  "effectId": "GravityTether",
  "shardId": "Crystal_Small_01_Shard",
  "prefabAddress": "Bas.Item.Misc.SkillOrb",
  "meshAddress": null,
  "meshSize": 1,
  "orbLinkEffectId": "SkillTreeOrbLink",
  "tier": 1,
  "allowSkill": true,
  "forceAllowRefund": false,
  "showInTree": true,
  "hideInSkillMenu": false,
  "skillTreeDisplayName": "Tidal Geyser",
  "description": "Enemies hit with a typhoon will be tethered to the ground with a gravity whip.",
  "imageAddress": "",
  "videoAddress": "Silk.Video.Skill.TidalGeyser",
  "buttonSpriteSheetAddress": "Bas.Ui.SkillTree.Icons",
  "buttonEnabledIconAddress": "Silk.Icon.SkillTree.Waterbending.Enabled",
  "buttonDisabledIconAddress": "Silk.Icon.SkillTree.Waterbending.Disabled",
  "orbIconAddress": "Silk.Icon.Skill.TidalGeyser",
  "tutorial": null,
  "tutorialLocalizationId": null,
  "tutorialGoal": null,
  "tutorialGoalLocalizationId": null,
  "costOverride": -1,
  "isDefaultSkill": false,
  "primarySkillTreeId": "Waterbending",
  "secondarySkillTreeId": "Gravity",
  "isTierBlocker": false,
  "groupPath": null,
  "IsCombinedSkill": false,
  "classUnique": true
}