{
  "$type": "Waterbending.Skill.SkillWaterGeyser, Waterbending",
  "id": "WaterGeyser",
  "sensitiveContent": "None",
  "sensitiveFilterBehaviour": "Discard",
  "version": 0,
  "jetForce": 85,
  "statusId": "Drenched",
  "jetEffectId": "WaterJet",
  "shardId": "Crystal_Small_01_Shard",
  "prefabAddress": "Bas.Item.Misc.SkillOrb",
  "meshAddress": "Bas.Mesh.SkillTree.TierCrystal.Gravity.T2",
  "meshSize": 0.6,
  "orbLinkEffectId": "SkillTreeOrbLink",
  "tier": 1,
  "allowSkill": true,
  "forceAllowRefund": false,
  "showInTree": true,
  "hideInSkillMenu": false,
  "skillTreeDisplayName": "Waterbending - Typhoon",
  "description": "Flick your wrist upwards to summon a small typhoon below the closest enemy.",
  "imageAddress": "",
  "videoAddress": "Silk.Video.Skill.WaterJet",
  "buttonSpriteSheetAddress": "Bas.Ui.SkillTree.Icons",
  "buttonEnabledIconAddress": "Silk.Icon.SkillTree.Waterbending.Enabled",
  "buttonDisabledIconAddress": "Silk.Icon.SkillTree.Waterbending.Disabled",
  "orbIconAddress": "Silk.Icon.Skill.WaterJet",
  "tutorial": null,
  "tutorialLocalizationId": null,
  "tutorialGoal": null,
  "tutorialGoalLocalizationId": null,
  "costOverride": -1,
  "isDefaultSkill": false,
  "primarySkillTreeId": "Waterbending",
  "secondarySkillTreeId": null,
  "isTierBlocker": true,
  "groupPath": null,
  "IsCombinedSkill": false,
  "classUnique": true
}