{
  "$type": "ThunderRoad.SkillTreeData, ThunderRoad",
  "id": "Waterbending",
  "sensitiveContent": "None",
  "sensitiveFilterBehaviour": "Discard",
  "version": 0,
  "localizationGroupID": "Skills",
  "displayName": "Waterbending",
  "description": "A skill tree based around honing your skill with the blade, parry, pierce and slash your way through armies.",
  "maxTier": 3,
  "showInInfuser": true,
  "color": {
    "r": 0.1394006,
    "g": 1.2048646,
    "b": 2.0,
    "a": 1.0
  },
  "emissionColor": {
    "r": 0.1394006,
    "g": 1.248646,
    "b": 2.5,
    "a": 1.0
  },
  "orbPitch": 1,
  "costMultiplier": 1.0,
  "crystalItemId": "CrystalWaterbendingT1",
  "orbIconAddress": "Silk.Icon.Skill.Waterbending",
  "infuserTopParticleAddress": "Silk.Effect.Spell.Waterbending.SkillTree.Infuser",
  "infuserBeamAudioAddress": "Bas.AudioClip.Infuser.Beam.Mind",
  "musicAddress": "Silk.Music.SkillTree.Stealth",
  "videoAddress": "Silk.Video.SkillTree.WaterBending",
  "iconEnabledAddress": "Silk.Icon.SkillTree.Waterbending.Enabled",
  "iconDisabledAddress": "Silk.Icon.SkillTree.Waterbending.Disabled",
  "groupPath": null
}