{
  "bodyParts": [
    {
      "Name": "Hips",
      "InjuryHP": 5000.0,
      "BloodCapacity": 200.0,
      "SlashModifier": 0.7,
      "PierceModifier": 0.8,
      "BluntModifier": 0.6,
      "SliceAction": "None"
    },
    {
      "Name": "RightUpLeg",
      "InjuryHP": 3500.0,
      "BloodCapacity": 150.0,
      "SlashModifier": 0.9,
      "PierceModifier": 0.9,
      "BluntModifier": 0.7,
      "SliceAction": "PreventWalking"
    },
    {
      "Name": "RightLeg",
      "InjuryHP": 3000.0,
      "BloodCapacity": 100.0,
      "SlashModifier": 1.0,
      "PierceModifier": 1.0,
      "BluntModifier": 0.8,
      "SliceAction": "PreventWalking"
    },
    {
      "Name": "RightFoot",
      "InjuryHP": 2000.0,
      "BloodCapacity": 50.0,
      "SlashModifier": 1.1,
      "PierceModifier": 1.1,
      "BluntModifier": 0.9,
      "SliceAction": "PreventWalking"
    },
    {
      "Name": "LeftUpLeg",
      "InjuryHP": 3500.0,
      "BloodCapacity": 150.0,
      "SlashModifier": 0.9,
      "PierceModifier": 0.9,
      "BluntModifier": 0.7,
      "SliceAction": "PreventWalking"
    },
    {
      "Name": "LeftLeg",
      "InjuryHP": 3000.0,
      "BloodCapacity": 100.0,
      "SlashModifier": 1.0,
      "PierceModifier": 1.0,
      "BluntModifier": 0.8,
      "SliceAction": "PreventWalking"
    },
    {
      "Name": "LeftFoot",
      "InjuryHP": 2000.0,
      "BloodCapacity": 50.0,
      "SlashModifier": 1.1,
      "PierceModifier": 1.1,
      "BluntModifier": 0.9,
      "SliceAction": "PreventWalking"
    },
    {
      "Name": "Spine",
      "InjuryHP": 10000.0,
      "BloodCapacity": 150.0,
      "SlashModifier": 0.5,
      "PierceModifier": 0.7,
      "BluntModifier": 0.4,
      "SliceAction": "None"
    },
    {
      "Name": "Spine1",
      "InjuryHP": 15000.0,
      "BloodCapacity": 250.0,
      "SlashModifier": 0.4,
      "PierceModifier": 0.6,
      "BluntModifier": 0.3,
      "SliceAction": "None"
    },
    {
      "Name": "RightArm",
      "InjuryHP": 2500.0,
      "BloodCapacity": 80.0,
      "SlashModifier": 1.1,
      "PierceModifier": 1.0,
      "BluntModifier": 0.8,
      "SliceAction": "None"
    },
    {
      "Name": "RightForeArm",
      "InjuryHP": 2000.0,
      "BloodCapacity": 70.0,
      "SlashModifier": 1.2,
      "PierceModifier": 1.1,
      "BluntModifier": 0.9,
      "SliceAction": "None"
    },
    {
      "Name": "RightHand",
      "InjuryHP": 1500.0,
      "BloodCapacity": 40.0,
      "SlashModifier": 1.3,
      "PierceModifier": 1.2,
      "BluntModifier": 1.0,
      "SliceAction": "None"
    },
    {
      "Name": "LeftArm",
      "InjuryHP": 2500.0,
      "BloodCapacity": 80.0,
      "SlashModifier": 1.1,
      "PierceModifier": 1.0,
      "BluntModifier": 0.8,
      "SliceAction": "None"
    },
    {
      "Name": "LeftForeArm",
      "InjuryHP": 2000.0,
      "BloodCapacity": 70.0,
      "SlashModifier": 1.2,
      "PierceModifier": 1.1,
      "BluntModifier": 0.9,
      "SliceAction": "None"
    },
    {
      "Name": "LeftHand",
      "InjuryHP": 1500.0,
      "BloodCapacity": 40.0,
      "SlashModifier": 1.3,
      "PierceModifier": 1.2,
      "BluntModifier": 1.0,
      "SliceAction": "None"
    },
    {
      "Name": "Neck",
      "InjuryHP": 9000.0,
      "BloodCapacity": 100.0,
      "SlashModifier": 2.0,
      "PierceModifier": 2.5,
      "BluntModifier": 1.5,
      "SliceAction": "InstantKill"
    },
    {
      "Name": "Head",
      "InjuryHP": 45000.0,
      "BloodCapacity": 150.0,
      "SlashModifier": 0.01,
      "PierceModifier": 0.01,
      "BluntModifier": 0.01,
      "SliceAction": "InstantKill"
    }
  ]
}