{
  "internals": [
    {
      "name": "Heart",
      "partName": "Spine1",
      "size": 0.1,
      "threshold": 0.02,
      "offset": {
        "x": -0.12,
        "y": -0.08,
        "z": -0.04
      },
      "effectStrength": 1000.0,
      "maxhealth": 100.0,
      "type": "Heart",
      "bluntTrigger": true,
      "bladeTrigger": true,
      "isVital": false
    },
    {
      "name": "Jugular",
      "partName": "Neck",
      "size": 0.05,
      "threshold": 0.01,
      "offset": {
        "x": -0.05,
        "y": 0.04,
        "z": 0.03
      },
      "effectStrength": 200.0,
      "maxhealth": 75.0,
      "type": "Bleeding",
      "bluntTrigger": false,
      "bladeTrigger": true,
      "isVital": false
    },
    {
      "name": "Carotid",
      "partName": "Neck",
      "size": 0.045,
      "threshold": 0.01,
      "offset": {
        "x": -0.05,
        "y": 0.04,
        "z": 0.03
      },
      "effectStrength": 75.0,
      "maxhealth": 45.0,
      "type": "Bleeding",
      "bluntTrigger": false,
      "bladeTrigger": true,
      "isVital": false
    },
    {
      "name": "Larynx",
      "partName": "Neck",
      "size": 0.045,
      "threshold": 0.02,
      "offset": {
        "x": -0.05,
        "y": 0.00,
        "z": 0.05
      },
      "effectStrength": 0.5,
      "maxhealth": 100.0,
      "type": "Lungs",
      "bluntTrigger": true,
      "bladeTrigger": true,
      "isVital": false
    },
    {
      "name": "Left Lung",
      "partName": "Spine1",
      "size": 0.15,
      "threshold": 0.03,
      "offset": {
        "x": -0.15,
        "y": 0.05,
        "z": 0.1
      },
      "effectStrength": 0.8,
      "maxhealth": 500.0,
      "type": "Lungs",
      "bluntTrigger": false,
      "bladeTrigger": true,
      "isVital": false
    },
    {
      "name": "Right Lung",
      "partName": "Spine1",
      "size": 0.15,
      "threshold": 0.03,
      "offset": {
        "x": 0.03,
        "y": 0.05,
        "z": 0.1
      },
      "effectStrength": 0.8,
      "maxhealth": 400.0,
      "type": "Lungs",
      "bluntTrigger": false,
      "bladeTrigger": true,
      "isVital": false
    },
    {
      "name": "Brain",
      "partName": "Head",
      "size": 0.08,
      "threshold": 0.02,
      "offset": {
        "x": 0,
        "y": 0.08,
        "z": 0.02
      },
      "effectStrength": 1.0,
      "maxhealth": 90000.0,
      "type": "Brain",
      "bluntTrigger": true,
      "bladeTrigger": true,
      "isVital": true
    },
    {
      "name": "Liver",
      "partName": "Spine1",
      "size": 0.12,
      "threshold": 0.03,
      "offset": {
        "x": 0.08,
        "y": -0.12,
        "z": 0.05
      },
      "effectStrength": 0.7,
      "maxhealth": 70.0,
      "type": "Bleeding",
      "bluntTrigger": true,
      "bladeTrigger": true,
      "isVital": false
    }
  ]
}